Country Code,Country Name,Indicator Name,Indicator Code,2001,2002,2003,2004,2005,2006,2007,2008,2009,2010,2011,2012,2013,2014,2015,2016,2017,2018,2019,2020
ABW,Aruba,Account ownership at a financial institution or with a mobile-money-service provider (% of population ages 15+),FX.OWN.TOTL.ZS,,,,,,,,,,,,,,,,,,,,
AFE,Africa Eastern and Southern,Account ownership at a financial institution or with a mobile-money-service provider (% of population ages 15+),FX.OWN.TOTL.ZS,,,,,,,,,,,,,,,,,,,,
AFG,Afghanistan,Account ownership at a financial institution or with a mobile-money-service provider (% of population ages 15+),FX.OWN.TOTL.ZS,,,,,,,,,,,9.005012512,,,9.961000443,,,14.89331245,,,
AFW,Africa Western and Central,Account ownership at a financial institution or with a mobile-money-service provider (% of population ages 15+),FX.OWN.TOTL.ZS,,,,,,,,,,,,,,,,,,,,
AGO,Angola,Account ownership at a financial institution or with a mobile-money-service provider (% of population ages 15+),FX.OWN.TOTL.ZS,,,,,,,,,,,39.2035408,,,29.31812096,,,,,,
ALB,Albania,Account ownership at a financial institution or with a mobile-money-service provider (% of population ages 15+),FX.OWN.TOTL.ZS,,,,,,,,,,,28.26812553,,,37.98635483,,,40.01517105,,,
AND,Andorra,Account ownership at a financial institution or with a mobile-money-service provider (% of population ages 15+),FX.OWN.TOTL.ZS,,,,,,,,,,,,,,,,,,,,
ARB,Arab World,Account ownership at a financial institution or with a mobile-money-service provider (% of population ages 15+),FX.OWN.TOTL.ZS,,,,,,,,,,,22.2605381,,,30.27713013,,,37.16521072,,,
ARE,United Arab Emirates,Account ownership at a financial institution or with a mobile-money-service provider (% of population ages 15+),FX.OWN.TOTL.ZS,,,,,,,,,,,59.73237228,,,83.74332428,,,88.21038818,,,
ARG,Argentina,Account ownership at a financial institution or with a mobile-money-service provider (% of population ages 15+),FX.OWN.TOTL.ZS,,,,,,,,,,,33.13021851,,,50.19729614,,,48.70848846,,,
ARM,Armenia,Account ownership at a financial institution or with a mobile-money-service provider (% of population ages 15+),FX.OWN.TOTL.ZS,,,,,,,,,,,17.48687363,,,17.66906548,,,47.75901794,,,
ASM,American Samoa,Account ownership at a financial institution or with a mobile-money-service provider (% of population ages 15+),FX.OWN.TOTL.ZS,,,,,,,,,,,,,,,,,,,,
ATG,Antigua and Barbuda,Account ownership at a financial institution or with a mobile-money-service provider (% of population ages 15+),FX.OWN.TOTL.ZS,,,,,,,,,,,,,,,,,,,,
AUS,Australia,Account ownership at a financial institution or with a mobile-money-service provider (% of population ages 15+),FX.OWN.TOTL.ZS,,,,,,,,,,,99.06484222,,,98.85956573,,,99.51937103,,,
AUT,Austria,Account ownership at a financial institution or with a mobile-money-service provider (% of population ages 15+),FX.OWN.TOTL.ZS,,,,,,,,,,,97.08174133,,,96.73406219,,,98.16366577,,,
AZE,Azerbaijan,Account ownership at a financial institution or with a mobile-money-service provider (% of population ages 15+),FX.OWN.TOTL.ZS,,,,,,,,,,,14.90084934,,,29.15149307,,,28.57120323,,,
BDI,Burundi,Account ownership at a financial institution or with a mobile-money-service provider (% of population ages 15+),FX.OWN.TOTL.ZS,,,,,,,,,,,7.23798418,,,7.105758667,,,,,,
BEL,Belgium,Account ownership at a financial institution or with a mobile-money-service provider (% of population ages 15+),FX.OWN.TOTL.ZS,,,,,,,,,,,96.30612946,,,98.12575531,,,98.63832092,,,
BEN,Benin,Account ownership at a financial institution or with a mobile-money-service provider (% of population ages 15+),FX.OWN.TOTL.ZS,,,,,,,,,,,10.46393776,,,16.62083435,,,38.48922348,,,
BFA,Burkina Faso,Account ownership at a financial institution or with a mobile-money-service provider (% of population ages 15+),FX.OWN.TOTL.ZS,,,,,,,,,,,13.35309124,,,14.3575964,,,43.15999222,,,
BGD,Bangladesh,Account ownership at a financial institution or with a mobile-money-service provider (% of population ages 15+),FX.OWN.TOTL.ZS,,,,,,,,,,,31.74364853,,,30.99081802,,,50.04691315,,,
BGR,Bulgaria,Account ownership at a financial institution or with a mobile-money-service provider (% of population ages 15+),FX.OWN.TOTL.ZS,,,,,,,,,,,52.82490158,,,62.98682785,,,72.2040329,,,
BHR,Bahrain,Account ownership at a financial institution or with a mobile-money-service provider (% of population ages 15+),FX.OWN.TOTL.ZS,,,,,,,,,,,64.51457214,,,81.93934631,,,82.61284637,,,
BHS,"Bahamas, The",Account ownership at a financial institution or with a mobile-money-service provider (% of population ages 15+),FX.OWN.TOTL.ZS,,,,,,,,,,,,,,,,,,,,
BIH,Bosnia and Herzegovina,Account ownership at a financial institution or with a mobile-money-service provider (% of population ages 15+),FX.OWN.TOTL.ZS,,,,,,,,,,,56.21160889,,,52.68502808,,,58.84349823,,,
BLR,Belarus,Account ownership at a financial institution or with a mobile-money-service provider (% of population ages 15+),FX.OWN.TOTL.ZS,,,,,,,,,,,58.60198212,,,71.98498535,,,81.15588379,,,
BLZ,Belize,Account ownership at a financial institution or with a mobile-money-service provider (% of population ages 15+),FX.OWN.TOTL.ZS,,,,,,,,,,,,,,48.2092514,,,,,,
BMU,Bermuda,Account ownership at a financial institution or with a mobile-money-service provider (% of population ages 15+),FX.OWN.TOTL.ZS,,,,,,,,,,,,,,,,,,,,
BOL,Bolivia,Account ownership at a financial institution or with a mobile-money-service provider (% of population ages 15+),FX.OWN.TOTL.ZS,,,,,,,,,,,28.02913284,,,41.7967186,,,54.405056,,,
BRA,Brazil,Account ownership at a financial institution or with a mobile-money-service provider (% of population ages 15+),FX.OWN.TOTL.ZS,,,,,,,,,,,55.86038208,,,68.12315369,,,70.04394531,,,
BRB,Barbados,Account ownership at a financial institution or with a mobile-money-service provider (% of population ages 15+),FX.OWN.TOTL.ZS,,,,,,,,,,,,,,,,,,,,
BRN,Brunei Darussalam,Account ownership at a financial institution or with a mobile-money-service provider (% of population ages 15+),FX.OWN.TOTL.ZS,,,,,,,,,,,,,,,,,,,,
BTN,Bhutan,Account ownership at a financial institution or with a mobile-money-service provider (% of population ages 15+),FX.OWN.TOTL.ZS,,,,,,,,,,,,,,33.66591263,,,,,,
BWA,Botswana,Account ownership at a financial institution or with a mobile-money-service provider (% of population ages 15+),FX.OWN.TOTL.ZS,,,,,,,,,,,30.26001358,,,51.96456909,,,51.03245544,,,
CAF,Central African Republic,Account ownership at a financial institution or with a mobile-money-service provider (% of population ages 15+),FX.OWN.TOTL.ZS,,,,,,,,,,,3.300809145,,,,,,13.74594593,,,
CAN,Canada,Account ownership at a financial institution or with a mobile-money-service provider (% of population ages 15+),FX.OWN.TOTL.ZS,,,,,,,,,,,95.80464172,,,99.10332489,,,99.72688293,,,
CEB,Central Europe and the Baltics,Account ownership at a financial institution or with a mobile-money-service provider (% of population ages 15+),FX.OWN.TOTL.ZS,,,,,,,,,,,,,,,,,,,,
CHE,Switzerland,Account ownership at a financial institution or with a mobile-money-service provider (% of population ages 15+),FX.OWN.TOTL.ZS,,,,,,,,,,,,,,97.98564148,,,98.42966461,,,
CHI,Channel Islands,Account ownership at a financial institution or with a mobile-money-service provider (% of population ages 15+),FX.OWN.TOTL.ZS,,,,,,,,,,,,,,,,,,,,
CHL,Chile,Account ownership at a financial institution or with a mobile-money-service provider (% of population ages 15+),FX.OWN.TOTL.ZS,,,,,,,,,,,42.17928696,,,63.25888062,,,74.34924316,,,
CHN,China,Account ownership at a financial institution or with a mobile-money-service provider (% of population ages 15+),FX.OWN.TOTL.ZS,,,,,,,,,,,63.81731033,,,78.8526001,,,80.22911835,,,
CIV,Cote d'Ivoire,Account ownership at a financial institution or with a mobile-money-service provider (% of population ages 15+),FX.OWN.TOTL.ZS,,,,,,,,,,,,,,34.32202148,,,41.33095551,,,
CMR,Cameroon,Account ownership at a financial institution or with a mobile-money-service provider (% of population ages 15+),FX.OWN.TOTL.ZS,,,,,,,,,,,14.80961323,,,12.17773438,,,34.59078979,,,
COD,"Congo, Dem. Rep.",Account ownership at a financial institution or with a mobile-money-service provider (% of population ages 15+),FX.OWN.TOTL.ZS,,,,,,,,,,,3.696726322,,,17.47698402,,,25.82567596,,,
COG,"Congo, Rep.",Account ownership at a financial institution or with a mobile-money-service provider (% of population ages 15+),FX.OWN.TOTL.ZS,,,,,,,,,,,10.0480566,,,17.06959724,,,26.09275055,,,
COL,Colombia,Account ownership at a financial institution or with a mobile-money-service provider (% of population ages 15+),FX.OWN.TOTL.ZS,,,,,,,,,,,30.42780113,,,38.99901962,,,45.75922775,,,
COM,Comoros,Account ownership at a financial institution or with a mobile-money-service provider (% of population ages 15+),FX.OWN.TOTL.ZS,,,,,,,,,,,21.69467354,,,,,,,,,
CPV,Cabo Verde,Account ownership at a financial institution or with a mobile-money-service provider (% of population ages 15+),FX.OWN.TOTL.ZS,,,,,,,,,,,,,,,,,,,,
CRI,Costa Rica,Account ownership at a financial institution or with a mobile-money-service provider (% of population ages 15+),FX.OWN.TOTL.ZS,,,,,,,,,,,50.35873032,,,64.55306244,,,67.83835602,,,
CSS,Caribbean small states,Account ownership at a financial institution or with a mobile-money-service provider (% of population ages 15+),FX.OWN.TOTL.ZS,,,,,,,,,,,,,,,,,,,,
CUB,Cuba,Account ownership at a financial institution or with a mobile-money-service provider (% of population ages 15+),FX.OWN.TOTL.ZS,,,,,,,,,,,,,,,,,,,,
CUW,Curacao,Account ownership at a financial institution or with a mobile-money-service provider (% of population ages 15+),FX.OWN.TOTL.ZS,,,,,,,,,,,,,,,,,,,,
CYM,Cayman Islands,Account ownership at a financial institution or with a mobile-money-service provider (% of population ages 15+),FX.OWN.TOTL.ZS,,,,,,,,,,,,,,,,,,,,
CYP,Cyprus,Account ownership at a financial institution or with a mobile-money-service provider (% of population ages 15+),FX.OWN.TOTL.ZS,,,,,,,,,,,85.23764801,,,90.15019989,,,88.71575928,,,
CZE,Czech Republic,Account ownership at a financial institution or with a mobile-money-service provider (% of population ages 15+),FX.OWN.TOTL.ZS,,,,,,,,,,,80.65119171,,,82.1782074,,,80.99226379,,,
DEU,Germany,Account ownership at a financial institution or with a mobile-money-service provider (% of population ages 15+),FX.OWN.TOTL.ZS,,,,,,,,,,,98.13362122,,,98.76040649,,,99.14118958,,,
DJI,Djibouti,Account ownership at a financial institution or with a mobile-money-service provider (% of population ages 15+),FX.OWN.TOTL.ZS,,,,,,,,,,,12.27388191,,,,,,,,,
DMA,Dominica,Account ownership at a financial institution or with a mobile-money-service provider (% of population ages 15+),FX.OWN.TOTL.ZS,,,,,,,,,,,,,,,,,,,,
DNK,Denmark,Account ownership at a financial institution or with a mobile-money-service provider (% of population ages 15+),FX.OWN.TOTL.ZS,,,,,,,,,,,99.73679352,,,100,,,99.91737366,,,
DOM,Dominican Republic,Account ownership at a financial institution or with a mobile-money-service provider (% of population ages 15+),FX.OWN.TOTL.ZS,,,,,,,,,,,38.20466995,,,54.09098816,,,56.23919296,,,
DZA,Algeria,Account ownership at a financial institution or with a mobile-money-service provider (% of population ages 15+),FX.OWN.TOTL.ZS,,,,,,,,,,,33.28611374,,,50.47578812,,,42.77662659,,,
EAP,East Asia & Pacific (excluding high income),Account ownership at a financial institution or with a mobile-money-service provider (% of population ages 15+),FX.OWN.TOTL.ZS,,,,,,,,,,,55.07487106,,,69.13577271,,,70.61881256,,,
EAR,Early-demographic dividend,Account ownership at a financial institution or with a mobile-money-service provider (% of population ages 15+),FX.OWN.TOTL.ZS,,,,,,,,,,,,,,,,,,,,
EAS,East Asia & Pacific,Account ownership at a financial institution or with a mobile-money-service provider (% of population ages 15+),FX.OWN.TOTL.ZS,,,,,,,,,,,59.85211182,,,71.99716187,,,73.69397736,,,
ECA,Europe & Central Asia (excluding high income),Account ownership at a financial institution or with a mobile-money-service provider (% of population ages 15+),FX.OWN.TOTL.ZS,,,,,,,,,,,44.81874847,,,57.78715515,,,65.29433441,,,
ECS,Europe & Central Asia,Account ownership at a financial institution or with a mobile-money-service provider (% of population ages 15+),FX.OWN.TOTL.ZS,,,,,,,,,,,69.28952026,,,77.72668457,,,81.45619965,,,
ECU,Ecuador,Account ownership at a financial institution or with a mobile-money-service provider (% of population ages 15+),FX.OWN.TOTL.ZS,,,,,,,,,,,36.73550034,,,46.21242523,,,51.24601746,,,
EGY,"Egypt, Arab Rep.",Account ownership at a financial institution or with a mobile-money-service provider (% of population ages 15+),FX.OWN.TOTL.ZS,,,,,,,,,,,9.71998024,,,14.12679672,,,32.78435898,,,
EMU,Euro area,Account ownership at a financial institution or with a mobile-money-service provider (% of population ages 15+),FX.OWN.TOTL.ZS,,,,,,,,,,,90.42394257,,,94.67966461,,,95.30348969,,,
ERI,Eritrea,Account ownership at a financial institution or with a mobile-money-service provider (% of population ages 15+),FX.OWN.TOTL.ZS,,,,,,,,,,,,,,,,,,,,
ESP,Spain,Account ownership at a financial institution or with a mobile-money-service provider (% of population ages 15+),FX.OWN.TOTL.ZS,,,,,,,,,,,93.27760315,,,97.57530975,,,93.75570679,,,
EST,Estonia,Account ownership at a financial institution or with a mobile-money-service provider (% of population ages 15+),FX.OWN.TOTL.ZS,,,,,,,,,,,96.82427979,,,97.67166901,,,97.99397278,,,
ETH,Ethiopia,Account ownership at a financial institution or with a mobile-money-service provider (% of population ages 15+),FX.OWN.TOTL.ZS,,,,,,,,,,,,,,21.79158211,,,34.82756805,,,
EUU,European Union,Account ownership at a financial institution or with a mobile-money-service provider (% of population ages 15+),FX.OWN.TOTL.ZS,,,,,,,,,,,,,,,,,,,,
FCS,Fragile and conflict affected situations,Account ownership at a financial institution or with a mobile-money-service provider (% of population ages 15+),FX.OWN.TOTL.ZS,,,,,,,,,,,,,,,,,,,,
FIN,Finland,Account ownership at a financial institution or with a mobile-money-service provider (% of population ages 15+),FX.OWN.TOTL.ZS,,,,,,,,,,,99.65125275,,,100,,,99.78541565,,,
FJI,Fiji,Account ownership at a financial institution or with a mobile-money-service provider (% of population ages 15+),FX.OWN.TOTL.ZS,,,,,,,,,,,,,,,,,,,,
FRA,France,Account ownership at a financial institution or with a mobile-money-service provider (% of population ages 15+),FX.OWN.TOTL.ZS,,,,,,,,,,,96.98388672,,,96.58275604,,,94.00404358,,,
FRO,Faroe Islands,Account ownership at a financial institution or with a mobile-money-service provider (% of population ages 15+),FX.OWN.TOTL.ZS,,,,,,,,,,,,,,,,,,,,
FSM,"Micronesia, Fed. Sts.",Account ownership at a financial institution or with a mobile-money-service provider (% of population ages 15+),FX.OWN.TOTL.ZS,,,,,,,,,,,,,,,,,,,,
GAB,Gabon,Account ownership at a financial institution or with a mobile-money-service provider (% of population ages 15+),FX.OWN.TOTL.ZS,,,,,,,,,,,18.94651794,,,33.01418304,,,58.60199738,,,
GBR,United Kingdom,Account ownership at a financial institution or with a mobile-money-service provider (% of population ages 15+),FX.OWN.TOTL.ZS,,,,,,,,,,,97.20128632,,,98.93105316,,,96.36631775,,,
GEO,Georgia,Account ownership at a financial institution or with a mobile-money-service provider (% of population ages 15+),FX.OWN.TOTL.ZS,,,,,,,,,,,32.98096848,,,39.66506958,,,61.23044586,,,
GHA,Ghana,Account ownership at a financial institution or with a mobile-money-service provider (% of population ages 15+),FX.OWN.TOTL.ZS,,,,,,,,,,,29.4253521,,,40.50579453,,,57.71752548,,,
GIB,Gibraltar,Account ownership at a financial institution or with a mobile-money-service provider (% of population ages 15+),FX.OWN.TOTL.ZS,,,,,,,,,,,,,,,,,,,,
GIN,Guinea,Account ownership at a financial institution or with a mobile-money-service provider (% of population ages 15+),FX.OWN.TOTL.ZS,,,,,,,,,,,3.687849998,,,6.960017204,,,23.48603439,,,
GMB,"Gambia, The",Account ownership at a financial institution or with a mobile-money-service provider (% of population ages 15+),FX.OWN.TOTL.ZS,,,,,,,,,,,,,,,,,,,,
GNB,Guinea-Bissau,Account ownership at a financial institution or with a mobile-money-service provider (% of population ages 15+),FX.OWN.TOTL.ZS,,,,,,,,,,,,,,,,,,,,
GNQ,Equatorial Guinea,Account ownership at a financial institution or with a mobile-money-service provider (% of population ages 15+),FX.OWN.TOTL.ZS,,,,,,,,,,,,,,,,,,,,
GRC,Greece,Account ownership at a financial institution or with a mobile-money-service provider (% of population ages 15+),FX.OWN.TOTL.ZS,,,,,,,,,,,77.93985748,,,87.51864624,,,85.46652222,,,
GRD,Grenada,Account ownership at a financial institution or with a mobile-money-service provider (% of population ages 15+),FX.OWN.TOTL.ZS,,,,,,,,,,,,,,,,,,,,
GRL,Greenland,Account ownership at a financial institution or with a mobile-money-service provider (% of population ages 15+),FX.OWN.TOTL.ZS,,,,,,,,,,,,,,,,,,,,
GTM,Guatemala,Account ownership at a financial institution or with a mobile-money-service provider (% of population ages 15+),FX.OWN.TOTL.ZS,,,,,,,,,,,22.3188839,,,41.34921646,,,44.10700989,,,
GUM,Guam,Account ownership at a financial institution or with a mobile-money-service provider (% of population ages 15+),FX.OWN.TOTL.ZS,,,,,,,,,,,,,,,,,,,,
GUY,Guyana,Account ownership at a financial institution or with a mobile-money-service provider (% of population ages 15+),FX.OWN.TOTL.ZS,,,,,,,,,,,,,,,,,,,,
HIC,High income,Account ownership at a financial institution or with a mobile-money-service provider (% of population ages 15+),FX.OWN.TOTL.ZS,,,,,,,,,,,88.25744629,,,92.82724762,,,93.70587158,,,
HKG,"Hong Kong SAR, China",Account ownership at a financial institution or with a mobile-money-service provider (% of population ages 15+),FX.OWN.TOTL.ZS,,,,,,,,,,,88.68603516,,,96.14763641,,,95.28325653,,,
HND,Honduras,Account ownership at a financial institution or with a mobile-money-service provider (% of population ages 15+),FX.OWN.TOTL.ZS,,,,,,,,,,,20.51226425,,,31.48635864,,,45.3429718,,,
HPC,Heavily indebted poor countries (HIPC),Account ownership at a financial institution or with a mobile-money-service provider (% of population ages 15+),FX.OWN.TOTL.ZS,,,,,,,,,,,,,,,,,,,,
HRV,Croatia,Account ownership at a financial institution or with a mobile-money-service provider (% of population ages 15+),FX.OWN.TOTL.ZS,,,,,,,,,,,88.39102173,,,86.02509308,,,86.14345551,,,
HTI,Haiti,Account ownership at a financial institution or with a mobile-money-service provider (% of population ages 15+),FX.OWN.TOTL.ZS,,,,,,,,,,,22.00726891,,,18.85867691,,,32.6211853,,,
HUN,Hungary,Account ownership at a financial institution or with a mobile-money-service provider (% of population ages 15+),FX.OWN.TOTL.ZS,,,,,,,,,,,72.67432404,,,72.25682831,,,74.94496918,,,
IBD,IBRD only,Account ownership at a financial institution or with a mobile-money-service provider (% of population ages 15+),FX.OWN.TOTL.ZS,,,,,,,,,,,,,,,,,,,,
IBT,IDA & IBRD total,Account ownership at a financial institution or with a mobile-money-service provider (% of population ages 15+),FX.OWN.TOTL.ZS,,,,,,,,,,,,,,,,,,,,
IDA,IDA total,Account ownership at a financial institution or with a mobile-money-service provider (% of population ages 15+),FX.OWN.TOTL.ZS,,,,,,,,,,,,,,,,,,,,
IDB,IDA blend,Account ownership at a financial institution or with a mobile-money-service provider (% of population ages 15+),FX.OWN.TOTL.ZS,,,,,,,,,,,,,,,,,,,,
IDN,Indonesia,Account ownership at a financial institution or with a mobile-money-service provider (% of population ages 15+),FX.OWN.TOTL.ZS,,,,,,,,,,,19.5819912,,,36.05899048,,,48.85745239,,,
IDX,IDA only,Account ownership at a financial institution or with a mobile-money-service provider (% of population ages 15+),FX.OWN.TOTL.ZS,,,,,,,,,,,,,,,,,,,,
IMN,Isle of Man,Account ownership at a financial institution or with a mobile-money-service provider (% of population ages 15+),FX.OWN.TOTL.ZS,,,,,,,,,,,,,,,,,,,,
IND,India,Account ownership at a financial institution or with a mobile-money-service provider (% of population ages 15+),FX.OWN.TOTL.ZS,,,,,,,,,,,35.23183823,,,53.14155197,,,79.87532806,,,
INX,Not classified,Account ownership at a financial institution or with a mobile-money-service provider (% of population ages 15+),FX.OWN.TOTL.ZS,,,,,,,,,,,,,,,,,,,,
IRL,Ireland,Account ownership at a financial institution or with a mobile-money-service provider (% of population ages 15+),FX.OWN.TOTL.ZS,,,,,,,,,,,93.88835144,,,94.71014404,,,95.3404541,,,
IRN,"Iran, Islamic Rep.",Account ownership at a financial institution or with a mobile-money-service provider (% of population ages 15+),FX.OWN.TOTL.ZS,,,,,,,,,,,73.68385315,,,92.28025055,,,93.98191833,,,
IRQ,Iraq,Account ownership at a financial institution or with a mobile-money-service provider (% of population ages 15+),FX.OWN.TOTL.ZS,,,,,,,,,,,10.55374527,,,10.97234917,,,22.6651516,,,
ISL,Iceland,Account ownership at a financial institution or with a mobile-money-service provider (% of population ages 15+),FX.OWN.TOTL.ZS,,,,,,,,,,,,,,,,,,,,
ISR,Israel,Account ownership at a financial institution or with a mobile-money-service provider (% of population ages 15+),FX.OWN.TOTL.ZS,,,,,,,,,,,90.46863556,,,89.95277405,,,92.81496429,,,
ITA,Italy,Account ownership at a financial institution or with a mobile-money-service provider (% of population ages 15+),FX.OWN.TOTL.ZS,,,,,,,,,,,71.00852966,,,87.33457947,,,93.78501892,,,
JAM,Jamaica,Account ownership at a financial institution or with a mobile-money-service provider (% of population ages 15+),FX.OWN.TOTL.ZS,,,,,,,,,,,70.99150085,,,78.45820618,,,,,,
JOR,Jordan,Account ownership at a financial institution or with a mobile-money-service provider (% of population ages 15+),FX.OWN.TOTL.ZS,,,,,,,,,,,25.47109795,,,24.61591148,,,42.49302292,,,
JPN,Japan,Account ownership at a financial institution or with a mobile-money-service provider (% of population ages 15+),FX.OWN.TOTL.ZS,,,,,,,,,,,96.42204285,,,96.64558411,,,98.24339294,,,
KAZ,Kazakhstan,Account ownership at a financial institution or with a mobile-money-service provider (% of population ages 15+),FX.OWN.TOTL.ZS,,,,,,,,,,,42.10509491,,,53.9074173,,,58.69753265,,,
KEN,Kenya,Account ownership at a financial institution or with a mobile-money-service provider (% of population ages 15+),FX.OWN.TOTL.ZS,,,,,,,,,,,42.34345627,,,74.65783691,,,81.56756592,,,
KGZ,Kyrgyz Republic,Account ownership at a financial institution or with a mobile-money-service provider (% of population ages 15+),FX.OWN.TOTL.ZS,,,,,,,,,,,3.757264376,,,18.47060204,,,39.94200134,,,
KHM,Cambodia,Account ownership at a financial institution or with a mobile-money-service provider (% of population ages 15+),FX.OWN.TOTL.ZS,,,,,,,,,,,3.659711838,,,22.16526604,,,21.67178345,,,
KIR,Kiribati,Account ownership at a financial institution or with a mobile-money-service provider (% of population ages 15+),FX.OWN.TOTL.ZS,,,,,,,,,,,,,,,,,,,,
KNA,St. Kitts and Nevis,Account ownership at a financial institution or with a mobile-money-service provider (% of population ages 15+),FX.OWN.TOTL.ZS,,,,,,,,,,,,,,,,,,,,
KOR,"Korea, Rep.",Account ownership at a financial institution or with a mobile-money-service provider (% of population ages 15+),FX.OWN.TOTL.ZS,,,,,,,,,,,93.04686737,,,94.36081696,,,94.85101318,,,
KWT,Kuwait,Account ownership at a financial institution or with a mobile-money-service provider (% of population ages 15+),FX.OWN.TOTL.ZS,,,,,,,,,,,86.77324677,,,72.90818024,,,79.84015656,,,
LAC,Latin America & Caribbean (excluding high income),Account ownership at a financial institution or with a mobile-money-service provider (% of population ages 15+),FX.OWN.TOTL.ZS,,,,,,,,,,,39.29861832,,,51.44634247,,,54.40809631,,,
LAO,Lao PDR,Account ownership at a financial institution or with a mobile-money-service provider (% of population ages 15+),FX.OWN.TOTL.ZS,,,,,,,,,,,26.77345657,,,,,,29.05641747,,,
LBN,Lebanon,Account ownership at a financial institution or with a mobile-money-service provider (% of population ages 15+),FX.OWN.TOTL.ZS,,,,,,,,,,,37.02732468,,,46.92713547,,,44.75142288,,,
LBR,Liberia,Account ownership at a financial institution or with a mobile-money-service provider (% of population ages 15+),FX.OWN.TOTL.ZS,,,,,,,,,,,18.80146599,,,,,,35.71384048,,,
LBY,Libya,Account ownership at a financial institution or with a mobile-money-service provider (% of population ages 15+),FX.OWN.TOTL.ZS,,,,,,,,,,,,,,,,,65.66751862,,,
LCA,St. Lucia,Account ownership at a financial institution or with a mobile-money-service provider (% of population ages 15+),FX.OWN.TOTL.ZS,,,,,,,,,,,,,,,,,,,,
LCN,Latin America & Caribbean,Account ownership at a financial institution or with a mobile-money-service provider (% of population ages 15+),FX.OWN.TOTL.ZS,,,,,,,,,,,39.38288879,,,51.90228271,,,55.14375687,,,
LDC,Least developed countries: UN classification,Account ownership at a financial institution or with a mobile-money-service provider (% of population ages 15+),FX.OWN.TOTL.ZS,,,,,,,,,,,,,,,,,,,,
LIC,Low income,Account ownership at a financial institution or with a mobile-money-service provider (% of population ages 15+),FX.OWN.TOTL.ZS,,,,,,,,,,,13.36059856,,,22.88455582,,,34.85484314,,,
LIE,Liechtenstein,Account ownership at a financial institution or with a mobile-money-service provider (% of population ages 15+),FX.OWN.TOTL.ZS,,,,,,,,,,,,,,,,,,,,
LKA,Sri Lanka,Account ownership at a financial institution or with a mobile-money-service provider (% of population ages 15+),FX.OWN.TOTL.ZS,,,,,,,,,,,68.52616882,,,82.69138336,,,73.64646149,,,
LMC,Lower middle income,Account ownership at a financial institution or with a mobile-money-service provider (% of population ages 15+),FX.OWN.TOTL.ZS,,,,,,,,,,,28.8557415,,,41.86090851,,,57.83224869,,,
LMY,Low & middle income,Account ownership at a financial institution or with a mobile-money-service provider (% of population ages 15+),FX.OWN.TOTL.ZS,,,,,,,,,,,41.75609207,,,55.19947815,,,63.01112366,,,
LSO,Lesotho,Account ownership at a financial institution or with a mobile-money-service provider (% of population ages 15+),FX.OWN.TOTL.ZS,,,,,,,,,,,18.49702454,,,,,,45.56381607,,,
LTE,Late-demographic dividend,Account ownership at a financial institution or with a mobile-money-service provider (% of population ages 15+),FX.OWN.TOTL.ZS,,,,,,,,,,,,,,,,,,,,
LTU,Lithuania,Account ownership at a financial institution or with a mobile-money-service provider (% of population ages 15+),FX.OWN.TOTL.ZS,,,,,,,,,,,73.75519562,,,77.90628815,,,82.8838501,,,
LUX,Luxembourg,Account ownership at a financial institution or with a mobile-money-service provider (% of population ages 15+),FX.OWN.TOTL.ZS,,,,,,,,,,,94.58679199,,,96.16869354,,,98.76785278,,,
LVA,Latvia,Account ownership at a financial institution or with a mobile-money-service provider (% of population ages 15+),FX.OWN.TOTL.ZS,,,,,,,,,,,89.65882874,,,90.21825409,,,93.22247314,,,
MAC,"Macao SAR, China",Account ownership at a financial institution or with a mobile-money-service provider (% of population ages 15+),FX.OWN.TOTL.ZS,,,,,,,,,,,,,,,,,,,,
MAF,St. Martin (French part),Account ownership at a financial institution or with a mobile-money-service provider (% of population ages 15+),FX.OWN.TOTL.ZS,,,,,,,,,,,,,,,,,,,,
MAR,Morocco,Account ownership at a financial institution or with a mobile-money-service provider (% of population ages 15+),FX.OWN.TOTL.ZS,,,,,,,,,,,,,,,,,28.64446068,,,
MCO,Monaco,Account ownership at a financial institution or with a mobile-money-service provider (% of population ages 15+),FX.OWN.TOTL.ZS,,,,,,,,,,,,,,,,,,,,
MDA,Moldova,Account ownership at a financial institution or with a mobile-money-service provider (% of population ages 15+),FX.OWN.TOTL.ZS,,,,,,,,,,,18.06632042,,,17.75574684,,,43.78565216,,,
MDG,Madagascar,Account ownership at a financial institution or with a mobile-money-service provider (% of population ages 15+),FX.OWN.TOTL.ZS,,,,,,,,,,,5.523222923,,,8.551339149,,,17.86787033,,,
MDV,Maldives,Account ownership at a financial institution or with a mobile-money-service provider (% of population ages 15+),FX.OWN.TOTL.ZS,,,,,,,,,,,,,,,,,,,,
MEA,Middle East & North Africa,Account ownership at a financial institution or with a mobile-money-service provider (% of population ages 15+),FX.OWN.TOTL.ZS,,,,,,,,,,,37.63048172,,,,,,47.53068542,,,
MEX,Mexico,Account ownership at a financial institution or with a mobile-money-service provider (% of population ages 15+),FX.OWN.TOTL.ZS,,,,,,,,,,,27.42938423,,,39.14084625,,,36.9319191,,,
MHL,Marshall Islands,Account ownership at a financial institution or with a mobile-money-service provider (% of population ages 15+),FX.OWN.TOTL.ZS,,,,,,,,,,,,,,,,,,,,
MIC,Middle income,Account ownership at a financial institution or with a mobile-money-service provider (% of population ages 15+),FX.OWN.TOTL.ZS,,,,,,,,,,,43.44360352,,,57.53559875,,,65.31291962,,,
MKD,North Macedonia,Account ownership at a financial institution or with a mobile-money-service provider (% of population ages 15+),FX.OWN.TOTL.ZS,,,,,,,,,,,73.69894409,,,71.79850006,,,76.56877136,,,
MLI,Mali,Account ownership at a financial institution or with a mobile-money-service provider (% of population ages 15+),FX.OWN.TOTL.ZS,,,,,,,,,,,8.213852882,,,20.07604027,,,35.41667938,,,
MLT,Malta,Account ownership at a financial institution or with a mobile-money-service provider (% of population ages 15+),FX.OWN.TOTL.ZS,,,,,,,,,,,95.27007294,,,96.3279953,,,97.36291504,,,
MMR,Myanmar,Account ownership at a financial institution or with a mobile-money-service provider (% of population ages 15+),FX.OWN.TOTL.ZS,,,,,,,,,,,,,,22.78419495,,,25.99229813,,,
MNA,Middle East & North Africa (excluding high income),Account ownership at a financial institution or with a mobile-money-service provider (% of population ages 15+),FX.OWN.TOTL.ZS,,,,,,,,,,,32.90325546,,,,,,43.47808838,,,
MNE,Montenegro,Account ownership at a financial institution or with a mobile-money-service provider (% of population ages 15+),FX.OWN.TOTL.ZS,,,,,,,,,,,50.43801498,,,59.82601166,,,68.36179352,,,
MNG,Mongolia,Account ownership at a financial institution or with a mobile-money-service provider (% of population ages 15+),FX.OWN.TOTL.ZS,,,,,,,,,,,77.71708679,,,91.82178497,,,92.97116852,,,
MNP,Northern Mariana Islands,Account ownership at a financial institution or with a mobile-money-service provider (% of population ages 15+),FX.OWN.TOTL.ZS,,,,,,,,,,,,,,,,,,,,
MOZ,Mozambique,Account ownership at a financial institution or with a mobile-money-service provider (% of population ages 15+),FX.OWN.TOTL.ZS,,,,,,,,,,,,,,,,,41.67010498,,,
MRT,Mauritania,Account ownership at a financial institution or with a mobile-money-service provider (% of population ages 15+),FX.OWN.TOTL.ZS,,,,,,,,,,,17.46181488,,,22.86588287,,,20.8725071,,,
MUS,Mauritius,Account ownership at a financial institution or with a mobile-money-service provider (% of population ages 15+),FX.OWN.TOTL.ZS,,,,,,,,,,,80.12320709,,,82.20826721,,,89.8425293,,,
MWI,Malawi,Account ownership at a financial institution or with a mobile-money-service provider (% of population ages 15+),FX.OWN.TOTL.ZS,,,,,,,,,,,16.54061127,,,18.09241867,,,33.71393204,,,
MYS,Malaysia,Account ownership at a financial institution or with a mobile-money-service provider (% of population ages 15+),FX.OWN.TOTL.ZS,,,,,,,,,,,66.17381287,,,80.67462158,,,85.34375,,,
NAC,North America,Account ownership at a financial institution or with a mobile-money-service provider (% of population ages 15+),FX.OWN.TOTL.ZS,,,,,,,,,,,88.76815033,,,94.15715027,,,93.8115387,,,
NAM,Namibia,Account ownership at a financial institution or with a mobile-money-service provider (% of population ages 15+),FX.OWN.TOTL.ZS,,,,,,,,,,,,,,58.83389664,,,80.63349915,,,
NCL,New Caledonia,Account ownership at a financial institution or with a mobile-money-service provider (% of population ages 15+),FX.OWN.TOTL.ZS,,,,,,,,,,,,,,,,,,,,
NER,Niger,Account ownership at a financial institution or with a mobile-money-service provider (% of population ages 15+),FX.OWN.TOTL.ZS,,,,,,,,,,,1.521698713,,,6.706587791,,,15.52324486,,,
NGA,Nigeria,Account ownership at a financial institution or with a mobile-money-service provider (% of population ages 15+),FX.OWN.TOTL.ZS,,,,,,,,,,,29.66753769,,,44.44198608,,,39.66685867,,,
NIC,Nicaragua,Account ownership at a financial institution or with a mobile-money-service provider (% of population ages 15+),FX.OWN.TOTL.ZS,,,,,,,,,,,14.21833229,,,19.43848419,,,30.86199188,,,
NLD,Netherlands,Account ownership at a financial institution or with a mobile-money-service provider (% of population ages 15+),FX.OWN.TOTL.ZS,,,,,,,,,,,98.65853119,,,99.29560089,,,99.63761902,,,
NOR,Norway,Account ownership at a financial institution or with a mobile-money-service provider (% of population ages 15+),FX.OWN.TOTL.ZS,,,,,,,,,,,,,,100,,,99.74514008,,,
NPL,Nepal,Account ownership at a financial institution or with a mobile-money-service provider (% of population ages 15+),FX.OWN.TOTL.ZS,,,,,,,,,,,25.30855751,,,33.80134964,,,45.38557434,,,
NRU,Nauru,Account ownership at a financial institution or with a mobile-money-service provider (% of population ages 15+),FX.OWN.TOTL.ZS,,,,,,,,,,,,,,,,,,,,
NZL,New Zealand,Account ownership at a financial institution or with a mobile-money-service provider (% of population ages 15+),FX.OWN.TOTL.ZS,,,,,,,,,,,99.43672943,,,99.52553558,,,99.17844391,,,
OED,OECD members,Account ownership at a financial institution or with a mobile-money-service provider (% of population ages 15+),FX.OWN.TOTL.ZS,,,,,,,,,,,89.98706055,,,94.01683044,,,94.67951965,,,
OMN,Oman,Account ownership at a financial institution or with a mobile-money-service provider (% of population ages 15+),FX.OWN.TOTL.ZS,,,,,,,,,,,73.60241699,,,,,,,,,
OSS,Other small states,Account ownership at a financial institution or with a mobile-money-service provider (% of population ages 15+),FX.OWN.TOTL.ZS,,,,,,,,,,,,,,,,,,,,
PAK,Pakistan,Account ownership at a financial institution or with a mobile-money-service provider (% of population ages 15+),FX.OWN.TOTL.ZS,,,,,,,,,,,10.30629635,,,13.03619194,,,21.29324532,,,
PAN,Panama,Account ownership at a financial institution or with a mobile-money-service provider (% of population ages 15+),FX.OWN.TOTL.ZS,,,,,,,,,,,24.9264946,,,43.66213989,,,46.49425888,,,
PER,Peru,Account ownership at a financial institution or with a mobile-money-service provider (% of population ages 15+),FX.OWN.TOTL.ZS,,,,,,,,,,,20.45868492,,,28.97523308,,,42.60317993,,,
PHL,Philippines,Account ownership at a financial institution or with a mobile-money-service provider (% of population ages 15+),FX.OWN.TOTL.ZS,,,,,,,,,,,26.55592537,,,31.28583527,,,34.49840927,,,
PLW,Palau,Account ownership at a financial institution or with a mobile-money-service provider (% of population ages 15+),FX.OWN.TOTL.ZS,,,,,,,,,,,,,,,,,,,,
PNG,Papua New Guinea,Account ownership at a financial institution or with a mobile-money-service provider (% of population ages 15+),FX.OWN.TOTL.ZS,,,,,,,,,,,,,,,,,,,,
POL,Poland,Account ownership at a financial institution or with a mobile-money-service provider (% of population ages 15+),FX.OWN.TOTL.ZS,,,,,,,,,,,70.19429016,,,77.86217499,,,86.73330688,,,
PRE,Pre-demographic dividend,Account ownership at a financial institution or with a mobile-money-service provider (% of population ages 15+),FX.OWN.TOTL.ZS,,,,,,,,,,,,,,,,,,,,
PRI,Puerto Rico,Account ownership at a financial institution or with a mobile-money-service provider (% of population ages 15+),FX.OWN.TOTL.ZS,,,,,,,,,,,,,,69.73526764,,,,,,
PRK,"Korea, Dem. People's Rep.",Account ownership at a financial institution or with a mobile-money-service provider (% of population ages 15+),FX.OWN.TOTL.ZS,,,,,,,,,,,,,,,,,,,,
PRT,Portugal,Account ownership at a financial institution or with a mobile-money-service provider (% of population ages 15+),FX.OWN.TOTL.ZS,,,,,,,,,,,81.22942352,,,87.38635254,,,92.34098816,,,
PRY,Paraguay,Account ownership at a financial institution or with a mobile-money-service provider (% of population ages 15+),FX.OWN.TOTL.ZS,,,,,,,,,,,21.72014618,,,,,,48.64686203,,,
PSE,West Bank and Gaza,Account ownership at a financial institution or with a mobile-money-service provider (% of population ages 15+),FX.OWN.TOTL.ZS,,,,,,,,,,,19.42803192,,,24.24380684,,,25.02217674,,,
PSS,Pacific island small states,Account ownership at a financial institution or with a mobile-money-service provider (% of population ages 15+),FX.OWN.TOTL.ZS,,,,,,,,,,,,,,,,,,,,
PST,Post-demographic dividend,Account ownership at a financial institution or with a mobile-money-service provider (% of population ages 15+),FX.OWN.TOTL.ZS,,,,,,,,,,,,,,,,,,,,
PYF,French Polynesia,Account ownership at a financial institution or with a mobile-money-service provider (% of population ages 15+),FX.OWN.TOTL.ZS,,,,,,,,,,,,,,,,,,,,
QAT,Qatar,Account ownership at a financial institution or with a mobile-money-service provider (% of population ages 15+),FX.OWN.TOTL.ZS,,,,,,,,,,,65.8753891,,,,,,,,,
ROU,Romania,Account ownership at a financial institution or with a mobile-money-service provider (% of population ages 15+),FX.OWN.TOTL.ZS,,,,,,,,,,,44.59162521,,,60.83715439,,,57.75180435,,,
RUS,Russian Federation,Account ownership at a financial institution or with a mobile-money-service provider (% of population ages 15+),FX.OWN.TOTL.ZS,,,,,,,,,,,48.17848969,,,67.38309479,,,75.75888824,,,
RWA,Rwanda,Account ownership at a financial institution or with a mobile-money-service provider (% of population ages 15+),FX.OWN.TOTL.ZS,,,,,,,,,,,32.76382065,,,42.11691284,,,50.01979446,,,
SAS,South Asia,Account ownership at a financial institution or with a mobile-money-service provider (% of population ages 15+),FX.OWN.TOTL.ZS,,,,,,,,,,,32.38194275,,,46.54095459,,,69.55911255,,,
SAU,Saudi Arabia,Account ownership at a financial institution or with a mobile-money-service provider (% of population ages 15+),FX.OWN.TOTL.ZS,,,,,,,,,,,46.42066193,,,69.40958405,,,71.69812012,,,
SDN,Sudan,Account ownership at a financial institution or with a mobile-money-service provider (% of population ages 15+),FX.OWN.TOTL.ZS,,,,,,,,,,,6.899797916,,,15.26843262,,,,,,
SEN,Senegal,Account ownership at a financial institution or with a mobile-money-service provider (% of population ages 15+),FX.OWN.TOTL.ZS,,,,,,,,,,,5.821141243,,,15.42457199,,,42.34401703,,,
SGP,Singapore,Account ownership at a financial institution or with a mobile-money-service provider (% of population ages 15+),FX.OWN.TOTL.ZS,,,,,,,,,,,98.22189331,,,96.3526001,,,97.9311676,,,
SLB,Solomon Islands,Account ownership at a financial institution or with a mobile-money-service provider (% of population ages 15+),FX.OWN.TOTL.ZS,,,,,,,,,,,,,,,,,,,,
SLE,Sierra Leone,Account ownership at a financial institution or with a mobile-money-service provider (% of population ages 15+),FX.OWN.TOTL.ZS,,,,,,,,,,,15.34175587,,,15.58001041,,,19.80875969,,,
SLV,El Salvador,Account ownership at a financial institution or with a mobile-money-service provider (% of population ages 15+),FX.OWN.TOTL.ZS,,,,,,,,,,,13.76461506,,,36.7197113,,,30.35294724,,,
SMR,San Marino,Account ownership at a financial institution or with a mobile-money-service provider (% of population ages 15+),FX.OWN.TOTL.ZS,,,,,,,,,,,,,,,,,,,,
SOM,Somalia,Account ownership at a financial institution or with a mobile-money-service provider (% of population ages 15+),FX.OWN.TOTL.ZS,,,,,,,,,,,,,,38.66032791,,,,,,
SRB,Serbia,Account ownership at a financial institution or with a mobile-money-service provider (% of population ages 15+),FX.OWN.TOTL.ZS,,,,,,,,,,,62.21622086,,,83.09233856,,,71.44104767,,,
SSA,Sub-Saharan Africa (excluding high income),Account ownership at a financial institution or with a mobile-money-service provider (% of population ages 15+),FX.OWN.TOTL.ZS,,,,,,,,,,,23.24530411,,,34.18938065,,,42.6074295,,,
SSD,South Sudan,Account ownership at a financial institution or with a mobile-money-service provider (% of population ages 15+),FX.OWN.TOTL.ZS,,,,,,,,,,,,,,,,,8.570004463,,,
SSF,Sub-Saharan Africa,Account ownership at a financial institution or with a mobile-money-service provider (% of population ages 15+),FX.OWN.TOTL.ZS,,,,,,,,,,,23.24530411,,,34.18938065,,,42.6074295,,,
SST,Small states,Account ownership at a financial institution or with a mobile-money-service provider (% of population ages 15+),FX.OWN.TOTL.ZS,,,,,,,,,,,,,,,,,,,,
STP,Sao Tome and Principe,Account ownership at a financial institution or with a mobile-money-service provider (% of population ages 15+),FX.OWN.TOTL.ZS,,,,,,,,,,,,,,,,,,,,
SUR,Suriname,Account ownership at a financial institution or with a mobile-money-service provider (% of population ages 15+),FX.OWN.TOTL.ZS,,,,,,,,,,,,,,,,,,,,
SVK,Slovak Republic,Account ownership at a financial institution or with a mobile-money-service provider (% of population ages 15+),FX.OWN.TOTL.ZS,,,,,,,,,,,79.58301544,,,77.24139404,,,84.18158722,,,
SVN,Slovenia,Account ownership at a financial institution or with a mobile-money-service provider (% of population ages 15+),FX.OWN.TOTL.ZS,,,,,,,,,,,97.1437149,,,97.24451447,,,97.53340149,,,
SWE,Sweden,Account ownership at a financial institution or with a mobile-money-service provider (% of population ages 15+),FX.OWN.TOTL.ZS,,,,,,,,,,,98.99195099,,,99.7199173,,,99.74221039,,,
SWZ,Eswatini,Account ownership at a financial institution or with a mobile-money-service provider (% of population ages 15+),FX.OWN.TOTL.ZS,,,,,,,,,,,28.56944275,,,,,,,,,
SXM,Sint Maarten (Dutch part),Account ownership at a financial institution or with a mobile-money-service provider (% of population ages 15+),FX.OWN.TOTL.ZS,,,,,,,,,,,,,,,,,,,,
SYC,Seychelles,Account ownership at a financial institution or with a mobile-money-service provider (% of population ages 15+),FX.OWN.TOTL.ZS,,,,,,,,,,,,,,,,,,,,
SYR,Syrian Arab Republic,Account ownership at a financial institution or with a mobile-money-service provider (% of population ages 15+),FX.OWN.TOTL.ZS,,,,,,,,,,,23.25308609,,,,,,,,,
TCA,Turks and Caicos Islands,Account ownership at a financial institution or with a mobile-money-service provider (% of population ages 15+),FX.OWN.TOTL.ZS,,,,,,,,,,,,,,,,,,,,
TCD,Chad,Account ownership at a financial institution or with a mobile-money-service provider (% of population ages 15+),FX.OWN.TOTL.ZS,,,,,,,,,,,8.959745407,,,12.43334484,,,21.75919342,,,
TEA,East Asia & Pacific (IDA & IBRD countries),Account ownership at a financial institution or with a mobile-money-service provider (% of population ages 15+),FX.OWN.TOTL.ZS,,,,,,,,,,,,,,,,,,,,
TEC,Europe & Central Asia (IDA & IBRD countries),Account ownership at a financial institution or with a mobile-money-service provider (% of population ages 15+),FX.OWN.TOTL.ZS,,,,,,,,,,,,,,,,,,,,
TGO,Togo,Account ownership at a financial institution or with a mobile-money-service provider (% of population ages 15+),FX.OWN.TOTL.ZS,,,,,,,,,,,10.18523979,,,18.25146294,,,45.28935242,,,
THA,Thailand,Account ownership at a financial institution or with a mobile-money-service provider (% of population ages 15+),FX.OWN.TOTL.ZS,,,,,,,,,,,72.66643524,,,78.1365509,,,81.59400177,,,
TJK,Tajikistan,Account ownership at a financial institution or with a mobile-money-service provider (% of population ages 15+),FX.OWN.TOTL.ZS,,,,,,,,,,,2.534857273,,,11.45923328,,,47.02439499,,,
TKM,Turkmenistan,Account ownership at a financial institution or with a mobile-money-service provider (% of population ages 15+),FX.OWN.TOTL.ZS,,,,,,,,,,,0.404911548,,,,,,40.5764122,,,
TLA,Latin America & the Caribbean (IDA & IBRD countries),Account ownership at a financial institution or with a mobile-money-service provider (% of population ages 15+),FX.OWN.TOTL.ZS,,,,,,,,,,,,,,,,,,,,
TLS,Timor-Leste,Account ownership at a financial institution or with a mobile-money-service provider (% of population ages 15+),FX.OWN.TOTL.ZS,,,,,,,,,,,,,,,,,,,,
TMN,Middle East & North Africa (IDA & IBRD countries),Account ownership at a financial institution or with a mobile-money-service provider (% of population ages 15+),FX.OWN.TOTL.ZS,,,,,,,,,,,,,,,,,,,,
TON,Tonga,Account ownership at a financial institution or with a mobile-money-service provider (% of population ages 15+),FX.OWN.TOTL.ZS,,,,,,,,,,,,,,,,,,,,
TSA,South Asia (IDA & IBRD),Account ownership at a financial institution or with a mobile-money-service provider (% of population ages 15+),FX.OWN.TOTL.ZS,,,,,,,,,,,,,,,,,,,,
TSS,Sub-Saharan Africa (IDA & IBRD countries),Account ownership at a financial institution or with a mobile-money-service provider (% of population ages 15+),FX.OWN.TOTL.ZS,,,,,,,,,,,,,,,,,,,,
TTO,Trinidad and Tobago,Account ownership at a financial institution or with a mobile-money-service provider (% of population ages 15+),FX.OWN.TOTL.ZS,,,,,,,,,,,75.92205811,,,,,,80.78334808,,,
TUN,Tunisia,Account ownership at a financial institution or with a mobile-money-service provider (% of population ages 15+),FX.OWN.TOTL.ZS,,,,,,,,,,,,,,27.4323101,,,36.90656662,,,
TUR,Turkey,Account ownership at a financial institution or with a mobile-money-service provider (% of population ages 15+),FX.OWN.TOTL.ZS,,,,,,,,,,,57.60142899,,,56.6774826,,,68.59030914,,,
TUV,Tuvalu,Account ownership at a financial institution or with a mobile-money-service provider (% of population ages 15+),FX.OWN.TOTL.ZS,,,,,,,,,,,,,,,,,,,,
TZA,Tanzania,Account ownership at a financial institution or with a mobile-money-service provider (% of population ages 15+),FX.OWN.TOTL.ZS,,,,,,,,,,,17.25776863,,,39.77947617,,,46.75156403,,,
UGA,Uganda,Account ownership at a financial institution or with a mobile-money-service provider (% of population ages 15+),FX.OWN.TOTL.ZS,,,,,,,,,,,20.46142006,,,44.447155,,,59.19915009,,,
UKR,Ukraine,Account ownership at a financial institution or with a mobile-money-service provider (% of population ages 15+),FX.OWN.TOTL.ZS,,,,,,,,,,,41.26857376,,,52.71481323,,,62.90233231,,,
UMC,Upper middle income,Account ownership at a financial institution or with a mobile-money-service provider (% of population ages 15+),FX.OWN.TOTL.ZS,,,,,,,,,,,57.01752853,,,71.59576416,,,73.08628082,,,
URY,Uruguay,Account ownership at a financial institution or with a mobile-money-service provider (% of population ages 15+),FX.OWN.TOTL.ZS,,,,,,,,,,,23.54260063,,,45.58572769,,,63.86800385,,,
USA,United States,Account ownership at a financial institution or with a mobile-money-service provider (% of population ages 15+),FX.OWN.TOTL.ZS,,,,,,,,,,,87.95786285,,,93.58380127,,,93.12218475,,,
UZB,Uzbekistan,Account ownership at a financial institution or with a mobile-money-service provider (% of population ages 15+),FX.OWN.TOTL.ZS,,,,,,,,,,,22.50391769,,,40.71001434,,,37.08973694,,,
VCT,St. Vincent and the Grenadines,Account ownership at a financial institution or with a mobile-money-service provider (% of population ages 15+),FX.OWN.TOTL.ZS,,,,,,,,,,,,,,,,,,,,
VEN,"Venezuela, RB",Account ownership at a financial institution or with a mobile-money-service provider (% of population ages 15+),FX.OWN.TOTL.ZS,,,,,,,,,,,44.11666107,,,57.02632523,,,73.49450684,,,
VGB,British Virgin Islands,Account ownership at a financial institution or with a mobile-money-service provider (% of population ages 15+),FX.OWN.TOTL.ZS,,,,,,,,,,,,,,,,,,,,
VIR,Virgin Islands (U.S.),Account ownership at a financial institution or with a mobile-money-service provider (% of population ages 15+),FX.OWN.TOTL.ZS,,,,,,,,,,,,,,,,,,,,
VNM,Vietnam,Account ownership at a financial institution or with a mobile-money-service provider (% of population ages 15+),FX.OWN.TOTL.ZS,,,,,,,,,,,21.36949348,,,30.9509449,,,30.79579163,,,
VUT,Vanuatu,Account ownership at a financial institution or with a mobile-money-service provider (% of population ages 15+),FX.OWN.TOTL.ZS,,,,,,,,,,,,,,,,,,,,
WLD,World,Account ownership at a financial institution or with a mobile-money-service provider (% of population ages 15+),FX.OWN.TOTL.ZS,,,,,,,,,,,50.6282692,,,62.00258255,,,68.51611328,,,
WSM,Samoa,Account ownership at a financial institution or with a mobile-money-service provider (% of population ages 15+),FX.OWN.TOTL.ZS,,,,,,,,,,,,,,,,,,,,
XKX,Kosovo,Account ownership at a financial institution or with a mobile-money-service provider (% of population ages 15+),FX.OWN.TOTL.ZS,,,,,,,,,,,44.30996323,,,47.80315018,,,52.27339935,,,
YEM,"Yemen, Rep.",Account ownership at a financial institution or with a mobile-money-service provider (% of population ages 15+),FX.OWN.TOTL.ZS,,,,,,,,,,,3.659953833,,,6.448482037,,,,,,
ZAF,South Africa,Account ownership at a financial institution or with a mobile-money-service provider (% of population ages 15+),FX.OWN.TOTL.ZS,,,,,,,,,,,53.64507294,,,70.31745148,,,69.2184906,,,
ZMB,Zambia,Account ownership at a financial institution or with a mobile-money-service provider (% of population ages 15+),FX.OWN.TOTL.ZS,,,,,,,,,,,21.36491013,,,35.64487076,,,45.86325836,,,
ZWE,Zimbabwe,Account ownership at a financial institution or with a mobile-money-service provider (% of population ages 15+),FX.OWN.TOTL.ZS,,,,,,,,,,,39.65121078,,,32.38925171,,,55.28513718,,,
